,,,,,,,,,,,
,AMG Inventory list,,,,,,,,,,
,Highlight items to reorder?,,Yes,,,,,,,,
,,,,,,,,,,,
 ,Inventory ID,Name,Description,Quantity in stock,Reorder level,Expiration Date,Quantity in reorder,Expired?,Location,Manufacturer,Notes
,IN0112,1 mL tuberculin,,11,,4/1/27,,,,,
,IN0115,10 cc syringes,,22,,4/1/27,,no,Rooms,,
Reorder,IN0121,10 Surgical Blade,,,,,,,,,
Reorder,IN0122,11 Surgical Blade,,,,,,,,,
,IN0123,15 Surgical Blade,,1,,,,no,,,Each box has 100 blade
,IN0118,18 G Needle,,61,,4/1/27,,no,Rooms,,
,IN0116,20 cc syringes,,4,,,,,Rooms,,
,IN0119,27 G Needle,,62,,,,no,Rooms,,
,IN0268,2xlarge ,Garment,2,,,,,,,
,IN0199,3/4 Drape with Reinforcement fan-folded 53X77,,16,,NA,,no,Storage room,,
,IN0120,30 G Needle,,60,,2/28/27,,no,Rooms,,
,IN0124,4 inch bandage,,1box+ 8 wrap,,,,no,Rooms,,Box +10 wrap
,IN0156,4x4 gause,,12,,NA,,no,Rooms,,Each box has 200
,IN0114,5 cc syringes,,19,,3/2/27,,no,,,
,IN0125,6 inch bandage,,32 wrap ,,,,no,Rooms,,
,IN0117,60 cc syringes,,8,,3/31/28,,no,Rooms,,
,IN0145,ABD pads,,141,,NA,,no,Rooms,,
,IN0161,Acetic Acid ,,13,,1/1/28,,,Rooms,,
,IN0276,Adhesive bandage small ,,3,,NA,,no,Storage Room,,
,IN0176,Adhesive Bandages ,,3,,NA,,no,Storage room,,Each box has 50
,IN0205,Alcohol Liquid ,,9,,3/1/28,,no,Rooms ,,
,IN0173,Alcohol pads ,,1,,,,,,,we have some in rooms 
,IN0174,Alcohol swabs,,1,,,,,,,We have somein rooms
,IN0275,AMG Ice pack,,60,,NA,,no,Freezer,,
,IN0129,Bacitratian ,,2,,7/1/27,,no,Rooms,,144 each box 
,IN0181,Bag Decanter,,9,,NA,,no,Storage room,,
,IN0142,Bandiads ,,6,,NA,,no,rooms,,50 in each box 
,IN0188,Basic pack1 (hand towels),,8,,NA,,no,Storage room,,
,IN0208,BD  chlora prep 10.5 Ml Applicator ,,1,,,,,,,
,IN0209,BD chlora prep 3Ml Applicator ,,4,,,,,,,
,IN0192,BD Vacutainer (safety lok),,1,,NA,,no,Storage room,,Each box has 50
,IN0163,Betadine ,,25,,10/2/25,,,Storage room,,
,IN0137,Big cloth tape ,,4,,,,no,Rooms,,
Reorder,IN0167,bio patches ,,0,,,,,,,
,,Binder Abdominal  2X large,,3,,NA,,,Storage room,,
,,Binder Abdominal X large ,,3,,NA,,,Storage room,,
,IN0191,Biopsy punch (disposable) ,,2,,NA,,no,Storage room,,Each box has 25
,IN0269,Box ort211002 Large  and xlarge ,Garment,3,,,,,,,
,IN0267,Box ortz1300 large and X-large ,Garment,3,,,,,,,
,IN0261,Bra B15 size 36 B/C ,Garment,1,,,,,,,
,IN0259,Bra ISB universal  ,Garment,1,,,,,,,
,IN0260,Bra ISB-05 universal ,Garment,1,,,,,,,
,IN0257,Bra Sientra size large ,Garment,1,,,,,,,
,IN0258,Bra sientra size x-large ,Garment,1,,,,,,,
,IN0101,capes,white capes,200,,NA,,no,Rooms,,200 pices
,IN0152,cavi wipes,,5,,NA,,no,Rooms,,
,IN0172,chloroprep,,43,,NA,,no,Storage closet,,Long 
,IN0178,Chuck,,16,,NA,,no,Storage room,,each has 5
,IN0147,chucks ,,16,,NA,,no,rooms and storage room ,,Each bag has 5
,IN0157,cold packs,,20,,NA,,no,Rooms,,
,IN0266,Compression B19 Vain Bulb management ,Garment,1,,,,,,,
,IN0265,Compression Bra AB3 U Black ,Garment,1,,,,,,,
,IN0264,Compression Bra AB4F7 U White ,Garment,1,,,,,,,
,IN0106,Cotton swab sticks,,300,,NA,,no,Rooms,,
,IN0273,Dermarker -skin marker ,,1,,NA,,no,Storage Room,,Each bag has 50
,IN0138,detachol,,4,,11/30/27,,no,Room,,4 bottles some used
,IN0193,Disposable syringe 10 Ml,,4,,,,,Storage room,,Each box has 100 pcs
,IN0272,Disposable underwear mens,,1,,NA,,no,Storage Room,,each bag has 50
,IN0153,disposeable bras,,2,,NA,,no,Storage room,,Each bag has 50
,IN0158,disposeable hairties,,2,,NA,,no,Storage room,,Each box has 50
,IN0104,Disposeable Measuring tape,Plastic colorful tape retractable,9,,NA,,no,Rooms,,
,IN0154,disposeable underwear,,2,,NA,,no,Storage room,,Each bag has 50
,IN0160,Drapes,,3,,NA,,no,,,4 in each 
,IN0131,ear plugs ,,100,,NA,,no,storage room ,,100 pieces
,IN0103,Exam Room Paper,White roll of paper,9,,NA,,no,Rooms,,
,IN0195,Face Mask (fluid resistant),,2,,NA,,no,Storage room,,Each box has 50
,IN0166,facial wipes ,,2,,,,no,Storage room,,
,IN0102,Full Length Gown,blue patient gown,65,,NA,,no,Rooms,,65 piece  
,IN0190,Gauze Sponges 4X4  25X2 ,,16,,NA,,no,Rooms+ storage room ,,
,IN0203,Gloves (Micro Flex),,19,,10/11/27,,no,Storage room,,M=10 Box L=9 box
,IN0185,"Half Drape , Fan-folded 40X58 (102cmX147cm)",,8,,NA,,no,Storage room,,
,IN0186,Half Drape Demi-champ 40X58 ,,5,,NA,,no,Storage room,,
,IN0105,Hand Held Mirror,,4,,NA,,no,Rooms,,
,IN0159,head bands ,,2,,NA,,no,Storage room,,Each box has 50
,IN0187,Head/Bar Drape 34 inc (86cm),,10,,NA,,no,Storage room,,
,IN0179,Head/Bar Drape level 3,,9,,NA,,no,Storage room,,
,IN0180,High temperature cautery,,5,,NA,,no,Storage room,,
Reorder,IN0171,huber needles ,,,,,,,,,
,IN0214,Hydrogen Peroxid ,,8,,11/10/27,,no,Rooms,,
,IN0165,hydrogen peroxide,,12,,11/10/27,,no,closet storage,,
,IN0144,Hypafix tape ,,4,,NA,,,Rooms,,
,IN0274,Instant Cold Compress ,,38,,7/1/26,,no,Rooms + Storage Room,,
,IN0113,insulin needles ,,200,,NA,,no,rooms and storage room ,,
,IN0127,Kerlix ,,15,,,,no,Rooms,,
,IN0150,L Gloves,,8,,NA,,no,Rooms,,
,IN0270,Lipo Foam BLF Black universal ,Garment,26,,,,,,,
,IN0194,Luer Lock Disposable Syring without needle,,3,,,,,Storage room,,Each box has 40
,IN0151,lysol ,,4,,NA,,no,Rooms,,
,IN0149,M Gloves,,7,,NA,,no,Rooms,,
,IN0148,masks ,,6,,NA,,no,rooms and storage room ,,
,IN0139,mastusol,,4,,,,no,Rooms,,
,IN0146,maxi pads,,14,,NA,,no,closet storage,,
,IN0183,"Mayo stand cover, Reinforced (24X53 in)",,23,,NA,,no,Storage room,,
,IN0250,Mens Body style MB size large ,Garment,2,,,,,,,Don't Reorder
,IN0249,Mens Body style MB size medium ,Garment,5,,,,,,,Don't Reorder
,IN0251,Mens Body style MB size X-large ,Garment,5,,,,,,,sleevless body suit
,IN0252,Mens Body style MB/SS size large ,Garment,6,,,,,,,Short sleeve body suit 
,IN0245,Mens top style MCV/SS Size large ,Garment,2,,,,,,,Short sleeve-High neckline
,IN0246,Mens top style MCV/SS size X-large ,Garment,1,,,,,,,Short sleeve-High neckline
,IN0247,Mens top Style MHV/SS size large ,Garment,1,,,,,,,Vest with low neckline 
,IN0248,Mens top style MV/SS size large ,Garment,5,,,,,,,short sleeve low neckline 
,IN0249,Mens top style MV/SS size medium ,Garment ,4,,,,,,,
,IN0245,Mens top style MV/ss size small ,Garment,2,,,,,,,
,IN0244,Mens Top Style UV/CP size large ,Garment,1,,,,,,,
,IN0134,micropore tape,,20,,,,no,rooms and storage room ,,Each box Q 24
,IN0196,Micropors,,20,,NA,,no,Storage room,,Each box has 24
,IN0262,Moldeate Fajas Size S/32 ,Garment,1,,,,,,,
,IN0132,Mupirocin ,ointment,10,,NA,,no,rooms and storage room ,,
,IN0254,Neck & Chin  style FM100-C size large,Garment,2,,,,,,,"face mask, full neck "
,IN0253,Neck & Chin  style FM100-C size medium ,Garment,2,,,,,,,"face mask, full neck "
,IN0255,Neck &Chin style FM100-C size X-large,Garment,2,,,,,,,"face mask, full neck "
,IN0256,Neck& Chin style FM100-13 size small,Garment,2,,,,,,,mid- neck coverage
,,"NDL, Ultrasound, 22GX4",,1,,,,,25 EA,,
,IN0177,Non-Adherent PAD,,1,,NA,,no,Storage room,,3X4 each box= 100
,IN0277,Non-Adherent pad ,,1,,NA,,,Storage room ,,
,IN0198,OR Towels 17X27,,22,,NA,,no,Storage room,,
,IN0189,Paper measuring tape ,,6,,NA,,no,Storage room,,Each has 100
,IN0135,paper tape,,4,,NA,,no,Storage room,,
,IN0182,Probe cover kit 10.2X121.9,,45,,NA,,no,Storage room,,
,IN0279,"Prolene Suture 3-0 27"" ",,1,,NA,,no,Closet storage ,,
,IN0278,"Prolene Suture 5-0 18""",,1,,NA,,no,closet storage ,,
,IN0128,Q tips ,,400,100,,,no,Rooms,,
,IN0175,Razors ,,50,,NA,,no,Storage room,,
,IN0280,Round Drain ,,13,,,,,closet storage ,,
,IN0164,rubbing alcohol,,1,,,5,,,,Some in the room
,IN0162,Saline ,,16,,12/14/26,,,Rooms,,
,IN0141,silver nitrate ,,6,,NA,2,no,Rooms + 2 in storage room ,,
,IN0133,silver sulfadazine,cream ,16,,NA,,no,rooms and storage room ,,
,IN0201,Sirus Surgical Gown XL ,,12,,NA,,no,Storage room,,
Reorder,IN0136,Small cloth tape ,,0,,,,,,,
,IN0155,small guase,,40,,NA,,no,Rooms,,Each box has 200
,IN0210,Sodum Chloride ,,6,,2/1/27,,no,Rooms ,,
,IN0211,Sodum Chloride ,,1,,8/1/26,,no,Rooms ,,
,IN0184,"Split  Drape with Adhesive 77"" (196 cm)",,3,,NA,,no,Storage room,,
,IN0140,stapler remover kit,,4,,NA,,no,Rooms,,
,IN0143,steristrips ,,33,,1/31/28,,no,Rooms,,
,IN0107,surgical pens,surgical marking pen ,30,,1/5/27,,no,Rooms,,
,IN0108,Surgical pens w measurements ,,16,,NA,,no,Room,,
,IN0204,surgical skin marker ,,60,,10/31/25,,no,storage room,,
,IN0170,tegaderm large,,4,,6/24/26,,no,Storage room,,Each box has 25
,IN0169,tegaderm med,,1,,6/24/26,,no,Storage room,,Each box 100 -25
Reorder,IN0168,Tegaderm small,,0,,,,,,,
,IN0110,tounge depressers,,80,,NA,,no,Rooms,,
,IN0111,Tounge depressors sterile ,,200,,NA,,no,Rooms + storage room ,,200 pieses
,IN0271,Towel/ Drap 18X26,,36,,,,no,Rooms,,
,IN0197,Towel/Drap (poly-lined) 18X26,,140,,NA,,no,Storage room,,
,IN0202,Trash Bag Red (Biohazard Saftey Bag),,4,,NA,,,Storage room,,Each has 2 
,IN0215,Ultra under pad - Heavy 30X36in ,,14,,NA,,no,Storage room,,Each bag has 10 
,IN0200,Ultrasorbs med line ,,7,,NA,,no,Storage room,,
,IN0206,Universal fill kit ,,74,,2/28/27,,no,closet storage ,,
,IN0207,Universal fill kit ,,42,,2/28/29,,no,closet storage ,,
,IN0130,Vaseline ,,8,,NA,,no,Storage room,,
,IN0281,Vial Decanter 6 in ,,11,,8/28/27,,,closet storage ,,
,IN0282,Washable under pad (chux pad) ,,10,,NA,,no,Storage Room,,
,IN0109,white eye liner,,8,,NA,,no,Rooms,,
,IN0226,Woman arm  Style FV2L Large ,Garment,10,,,,,,,Long sleeve 
,IN0231,Woman arm medium ,Garment,1,,,,,,,Vest with an open bust 
,IN0230,Woman arm size small ,Garment,2,,,,,,,Vest with an open bust 
,IN0228,Woman arm style Fv2L Medium ,Garment,5,,,,,,,Long sleeve 
,IN0229,Woman arm style FV2L Small ,Garment,4,,,,,,,Long sleeve 
,IN0227,Woman arm style FV2L X-Large ,Garment,4,,,,,,,Long sleeve 
,,woman arm style FV2L- 2XL _ H ,Garment ,3,,,,,,,
,,woman arm style FV2L 3 XL -H ,Garment ,2,,,,,,,
,IN0229,Woman bra style B01G 32 B/C ,Garment,2,,,,,,,
,IN0230,Woman bra style B01G 32 D/E ,Garment ,2,,,,,,,
,IN0222,Woman bra Style B01G  size 34 AA/A,Garment,3,,,,,,,Original Bra
,IN0221,Woman bra Style B01G  size 34 B/C,Garment,6,,,,,,,Original Bra
,IN0223,Woman bra Style B01G size 34 D/E,Garment,3,,,,,,,Original Bra
,IN0226,Woman bra style B01G size 36 AA/A ,Garment ,2,,,,,,,
,IN0224,Woman bra Style B01G size 36 B/C ,Garment,4,,,,,,,Original Bra
,IN0225,Woman bra Style B01G size 36 D/E,Garment,3,,,,,,,Original Bra
,IN0231,Woman bra style B01G size 38 AA/A ,Garment,2,,,,,,,
,IN0216,Woman bra style B16 size 36 B/C ,Garment,1,,,,,,,Flex fit ultra-high
,IN0217,Woman bra style B16 size 38 B/C ,Garment,2,,,,,,,Flex fit ultra-high
,IN0218,Woman bra style B16 size 40 AA/A ,Garment,2,,,,,,,Flex fit ultra-high
,IN0219,Woman bra style B16 size 42 B/C,Garment,2,,,,,,,Flex fit ultra-high
,IN0220,Woman bra style B16 size 42 D/E,Garment,2,,,,,,,Flex fit ultra-high
,,Woman bra style B16 size 48 D/E,Garment,1,,,,,,,
,IN0237,Woman Full Body Style FBCL size X-large ,Garment,1,,,,,,,Ankle lenght
,IN0243,Woman full body style FTRS/SM size large ,Garment,2,,,,,,,Short lenght 
,IN0242,Woman full body style FTRS/SM size medium ,Garment,3,,,,,,,Short lenght 
,IN0241,Woman full body style FTRS/SM size small ,Garment,2,,,,,,,Don't reorder
,IN0240,Woman full body style SFBHM size large ,Garment,15,,,,,,,Ankle lenght
,IN0239,Woman full body style SFBHM size medium,Garment,6,,,,,,,Ankle lenght
,IN0238,Woman full body Style SFBHM size Small ,Garment,4,,,,,,,Ankle lenght
,,Woman full body style SFBHM size X-small,,2,,,,,,,
Reorder,IN0237,Woman full body style SFBHM size X-large ,Garment ,0,,,,,,,
,IN0236,Woman thigh style LGL size large ,Garment,1,,,,,,,Ankle -lenght
,IN0233,Woman thigh style LGM size 2x- small ,Garment,1,,,,,,,Calf- length
,IN0234,Woman thigh style LGM size large ,Garment,3,,,,,,,Calf- length
,IN0232,Woman thigh style LGM size medium ,Garment,2,,,,,,,Calf- length
,IN0235,Woman thigh style LGM size X-large ,Garment,2,,,,,,,Calf- length
,IN0212,Wrap 4 inches,,18,,NA,,no,Rooms ,,1 box has 10 + 8 =18
,IN0213,Wrap 6 inches ,,32,,NA,,,Rooms,,
,,"Wrap , Bonded, blue Pink 54x54, GEM2 ",,1,,,,,Each has 50,,
,IN0263,Zbra Medical ,Garment,1,,,,,,,
,IN0126,Silagen clear abdomen sheet,Silagen,21,,6/26/28,,no,Storage Room,,
,IN0127,Silagen SPF30 (30 gram) 1.0 oz ,Silagen,24,,7/17/28,,no,Storage Room,,
,IN0284,silagen cleanser 1.69 fl.oz ,cleanser,30,,11/1/27,,no,Storage Room,,
,IN0285,Silagen Banner,Banner,1,,,,no,Storage Room,,
,IN0286,Silagen SPF30 (TESTER) ,Sample,18,,4/27/28,,no,Storage Room,,
,IN0287,Silagen SPF30 (2gram) 0.07 oz ,sample ,24,,,,,Storage Room,,
,IN0288,Ink for printer in front ,,1,,NA,,no,FT. office ,148A ,
,IN0289,Sientra  tissue Expander Accessories ,Winged Needle infusion set,5,,3/31/26,,no,storage Room ,5 in each box ,
,,"Tape , ID, instr,roll, white 1/8",,1,,,,,,,
,,"Tap, ID, instr, roll, Yellow, 1/8",,1,,,,,,,
,IN0290,Women High-Waist Girdle style LGM small,Garment,2,,,,no,storage Room ,,
,IN0291,Woman High-Waist Girdle style LGM large,Garment,1,,,,no,Storage Room,,
,IN0292,Woman High-Waist Girdle Sstyle LGM X-large,Garment,2,,,,no,storage Room ,,
,IN0293,Woman High-Waist Girdle style LGM medium ,Garment,2,,,,no,Storage Room,,
,IN0294,Woman compression bodysuit for BBL style FBCS medium ,Garment,1,,,,no,Storage Room,,
,IN0295,Woman compression bodysuit for BBL style FBCS large ,Garment,1,,,,no,Storage Room,,
,IN0296,Woman Girdle with Suspenders Calf-lenth Style FBM  medium Garment ,,1,,,,no,Storage Room,,
,IN0297,Woman Girdle with Suspenders Calf-length style FBM large Garment,,1,,,,no,Storage Room,,
,IN0298,Woman flex fit Original bra style B01G 32 B/c ,Garment,2,,,,no,Storage Room,,
,IN0299,Woman flex fit original bra style B01G 32 D/E,Garment,1,,,,no,Storage room,,
,IN0300,Woman Vest with 3/4 length Sleeves style GFVM Large Garment ,,1,,,,no,Storage room,,
,IN0301,Surgical Suture single use procedure kit ,,3,,9/19/28,,no,storage Room ,,
,,"Suture, Monocry;, 4-o,ps-2 18 UNDYED",,1,,,,,12 EA,,
,IN0302,Quill Barbed Suture ,,2,,12/14/29,,no,Storage room ,,
,IN0303,Woman Bodysuit High Back X-large ,Garment,4,,,,no,Storage Room,,
,IN0304,Woman BBL ankle length FBCL small,Garment,1,,,,no,Storage Room,,
,IN0305,Woman BBL ankle length FBCL large,Garment,1,,,,no,Storage Room,,
,IN0306,womanBBL ankle length FBCL medium,Garment,1,,,,no,Storage Room,,
,IN0307,Woman BBL ankle length FBCL X-large,Garment,1,,,,no,Storage Room,,
,IN0308,Woman BBl FBCS size Small,Garment,1,,,,,,,
,IN0309,Woman BBl FBCS  size medium ,Garment,1,,,,,,,
,IN0310,Woman BBL FBCS size large,Garment,2,,,,,,,
,IN0311,Woman BBL FBCS size X-large ,Garment,1,,,,,,,
Reorder,IN0312,,,,,,,,,,
Reorder,IN0313,,,,,,,,,,
Reorder,IN0314,,,,,,,,,,
Reorder,IN0315,,,,,,,,,,
Reorder,IN0316,,,,,,,,,,
Reorder,IN0317,,,,,,,,,,
Reorder,IN0318,,,,,,,,,,
Reorder,IN0319,,,,,,,,,,
Reorder,IN0320,,,,,,,,,,
Reorder,IN0321,,,,,,,,,,
Reorder,IN0322,,,,,,,,,,
Reorder,IN0323,,,,,,,,,,
Reorder,IN0324,,,,,,,,,,
Reorder,IN0325,,,,,,,,,,
Reorder,IN0326,,,,,,,,,,
Reorder,IN0327,,,,,,,,,,
Reorder,IN0328,,,,,,,,,,
Reorder,IN0329,,,,,,,,,,
Reorder,IN0330,,,,,,,,,,
Reorder,IN0331,,,,,,,,,,
Reorder,IN0332,,,,,,,,,,
Reorder,IN0333,,,,,,,,,,
Reorder,IN0334,,,,,,,,,,
Reorder,IN0335,,,,,,,,,,
Reorder,IN0336,,,,,,,,,,
Reorder,IN0337,,,,,,,,,,
Reorder,IN0338,,,,,,,,,,
Reorder,IN0339,,,,,,,,,,
Reorder,IN0340,,,,,,,,,,
Reorder,IN0341,,,,,,,,,,
Reorder,IN0342,,,,,,,,,,
Reorder,IN0343,,,,,,,,,,
Reorder,IN0344,,,,,,,,,,
Reorder,IN0345,,,,,,,,,,
Reorder,IN0346,,,,,,,,,,
Reorder,IN0347,,,,,,,,,,
Reorder,IN0348,,,,,,,,,,
Reorder,IN0349,,,,,,,,,,
Reorder,IN0350,,,,,,,,,,
Reorder,IN0351,,,,,,,,,,
Reorder,IN0352,,,,,,,,,,
Reorder,IN0353,,,,,,,,,,
Reorder,IN0354,,,,,,,,,,
Reorder,IN0355,,,,,,,,,,
Reorder,IN0356,,,,,,,,,,
Reorder,IN0357,,,,,,,,,,
Reorder,IN0358,,,,,,,,,,
Reorder,IN0359,,,,,,,,,,
Reorder,IN0360,,,,,,,,,,
Reorder,IN0361,,,,,,,,,,
Reorder,IN0362,,,,,,,,,,
Reorder,IN0363,,,,,,,,,,
Reorder,IN0364,,,,,,,,,,
Reorder,IN0365,,,,,,,,,,
Reorder,IN0366,,,,,,,,,,
Reorder,IN0367,,,,,,,,,,
Reorder,IN0368,,,,,,,,,,
Reorder,IN0369,,,,,,,,,,
Reorder,IN0370,,,,,,,,,,
Reorder,IN0371,,,,,,,,,,
Reorder,IN0372,,,,,,,,,,
Reorder,IN0373,,,,,,,,,,
Reorder,IN0374,,,,,,,,,,
Reorder,IN0375,,,,,,,,,,
Reorder,IN0376,,,,,,,,,,
Reorder,IN0377,,,,,,,,,,
Reorder,IN0378,,,,,,,,,,
Reorder,IN0379,,,,,,,,,,
Reorder,IN0380,,,,,,,,,,
Reorder,IN0381,,,,,,,,,,
Reorder,IN0382,,,,,,,,,,
Reorder,IN0383,,,,,,,,,,
Reorder,IN0384,,,,,,,,,,
Reorder,IN0385,,,,,,,,,,
Reorder,IN0386,,,,,,,,,,
Reorder,IN0387,,,,,,,,,,
Reorder,IN0388,,,,,,,,,,
Reorder,IN0389,,,,,,,,,,
Reorder,IN0390,,,,,,,,,,
Reorder,IN0391,,,,,,,,,,
Reorder,IN0392,,,,,,,,,,
Reorder,IN0393,,,,,,,,,,
Reorder,IN0394,,,,,,,,,,
Reorder,IN0395,,,,,,,,,,
Reorder,IN0396,,,,,,,,,,
Reorder,IN0397,,,,,,,,,,
Reorder,IN0398,,,,,,,,,,
Reorder,IN0399,,,,,,,,,,
Reorder,IN0400,,,,,,,,,,
Reorder,IN0401,,,,,,,,,,
Reorder,IN0402,,,,,,,,,,
Reorder,IN0403,,,,,,,,,,
Reorder,IN0404,,,,,,,,,,
Reorder,IN0405,,,,,,,,,,
Reorder,IN0406,,,,,,,,,,
Reorder,IN0407,,,,,,,,,,
Reorder,IN0408,,,,,,,,,,
Reorder,IN0409,,,,,,,,,,
Reorder,IN0410,,,,,,,,,,
Reorder,IN0411,,,,,,,,,,
Reorder,IN0412,,,,,,,,,,
Reorder,IN0413,,,,,,,,,,